{"trials": 100, "success-rate": 0.039999999999999994, "avg-sol-length": 17.999999999999996, "avg-crates": 1.0, "avg-free-percent": 0.7265624999999999}