{"trials": 52, "success-rate": 0.38461538461538464, "avg-sol-length": 10.95, "avg-crates": 1.7, "avg-free-percent": 0.6779999999999999, "failed": {"total": 32, "0-player": 0, "2+players": 2, "region": 0, "crate-target": 17}}