{"trials": 62, "success-rate": 0.16129032258064518, "avg-sol-length": 10.299999999999999, "avg-crates": 1.7, "avg-free-percent": 0.6479999999999999, "failed": {"total": 52, "0-player": 3, "2+players": 8, "region": 6, "crate-target": 23}}