{"trials": 100, "success-rate": 0.3975576635036007, "avg-sol-length": 65.49802812513268, "avg-crates": 4.152607917748506, "avg-free-percent": 0.8464873832265538}