{"trials": 100, "success-rate": 0.039999999999999994, "avg-sol-length": 14.25, "avg-crates": 1.5, "avg-free-percent": 0.72265625}