{"trials": 355, "success-rate": 0.028169014084507043, "avg-sol-length": 7.9, "avg-crates": 1.4, "avg-free-percent": 0.5959999999999999, "failed": {"total": 345, "0-player": 90, "2+players": 123, "region": 193, "crate-target": 251}}