{"trials": 100, "success-rate": 0.03999999999999998, "avg-sol-length": 25.25, "avg-crates": 1.5, "avg-free-percent": 0.7421875}