{"trials": 28, "success-rate": 0.39285714285714285, "avg-sol-length": 8.766233766233766, "avg-crates": 1.6103896103896105, "avg-free-percent": 0.6529870129870129, "failed": {"total": 18, "0-player": 0, "2+players": 5, "region": 1, "crate-target": 6}}