{"trials": 59, "success-rate": 0.33898305084745767, "avg-sol-length": 10.941666666666665, "avg-crates": 1.6277777777777775, "avg-free-percent": 0.6443333333333334, "failed": {"total": 40, "0-player": 3, "2+players": 2, "region": 3, "crate-target": 20}}