{"trials": 100, "success-rate": 0.06, "avg-sol-length": 19.5, "avg-crates": 1.1666666666666667, "avg-free-percent": 0.7083333333333334}