{"trials": 117, "success-rate": 0.08547008547008544, "avg-sol-length": 10.399999999999999, "avg-crates": 1.6, "avg-free-percent": 0.6519999999999998, "failed": {"total": 107, "0-player": 8, "2+players": 27, "region": 38, "crate-target": 64}}