{"trials": 76, "success-rate": 0.13157894736842105, "avg-sol-length": 9.3, "avg-crates": 1.2999999999999996, "avg-free-percent": 0.6799999999999997, "failed": {"total": 66, "0-player": 9, "2+players": 6, "region": 11, "crate-target": 24}}