{"trials": 100, "success-rate": 0.029999999999999995, "avg-sol-length": 60.333333333333336, "avg-crates": 1.3333333333333333, "avg-free-percent": 0.7239583333333334}