{"trials": 47, "success-rate": 0.2127659574468085, "avg-sol-length": 10.7, "avg-crates": 1.8, "avg-free-percent": 0.6479999999999999, "failed": {"total": 37, "0-player": 0, "2+players": 10, "region": 5, "crate-target": 14}}