{"trials": 24, "success-rate": 0.4583333333333333, "avg-sol-length": 9.525252525252526, "avg-crates": 1.4949494949494948, "avg-free-percent": 0.7090909090909089, "failed": {"total": 14, "0-player": 1, "2+players": 1, "region": 0, "crate-target": 4}}