{"trials": 100, "success-rate": 0.009999999999999998, "avg-sol-length": 37.0, "avg-crates": 2.0, "avg-free-percent": 0.703125}