{"trials": 54, "success-rate": 0.37037037037037035, "avg-sol-length": 9.4, "avg-crates": 1.3083333333333331, "avg-free-percent": 0.6866666666666669, "failed": {"total": 35, "0-player": 3, "2+players": 2, "region": 2, "crate-target": 15}}