{"trials": 100, "success-rate": 0.019999999999999997, "avg-sol-length": 12.5, "avg-crates": 1.0, "avg-free-percent": 0.7109375}