{"trials": 289, "success-rate": 0.34948096885813157, "avg-sol-length": 10.683168316831685, "avg-crates": 1.336633663366337, "avg-free-percent": 0.3043038997777329, "failed": {"total": 188, "0-player": 2, "2+players": 13, "region": 37, "crate-target": 66}}