{"trials": 657, "success-rate": 0.03044140030441399, "avg-sol-length": 7.999999999999998, "avg-crates": 1.25, "avg-free-percent": 0.6160000000000001, "failed": {"total": 637, "0-player": 113, "2+players": 199, "region": 320, "crate-target": 418}}