{"trials": 100, "success-rate": 0.039999999999999994, "avg-sol-length": 23.5, "avg-crates": 1.5000000000000002, "avg-free-percent": 0.72265625}