{"trials": 100, "success-rate": 0.24, "avg-sol-length": 10.208333333333334, "avg-crates": 4.083333333333333, "avg-free-percent": 0.81}