{"trials": 108, "success-rate": 0.18518518518518517, "avg-sol-length": 9.900000000000002, "avg-crates": 3.0, "avg-free-percent": 0.558}