{"trials": 90, "success-rate": 0.22222222222222215, "avg-sol-length": 7.812500000000002, "avg-crates": 1.1500000000000001, "avg-free-percent": 0.6555, "failed": {"total": 71, "0-player": 5, "2+players": 8, "region": 7, "crate-target": 37}}