{"trials": 59, "success-rate": 0.33898305084745767, "avg-sol-length": 11.450000000000003, "avg-crates": 1.8, "avg-free-percent": 0.7000000000000002, "failed": {"total": 39, "0-player": 2, "2+players": 0, "region": 0, "crate-target": 22}}