{"trials": 423, "success-rate": 0.023640661938534282, "avg-sol-length": 9.299999999999999, "avg-crates": 1.5, "avg-free-percent": 0.6040000000000002, "failed": {"total": 413, "0-player": 111, "2+players": 108, "region": 208, "crate-target": 272}}