{"trials": 68, "success-rate": 0.14705882352941177, "avg-sol-length": 7.8, "avg-crates": 1.2, "avg-free-percent": 0.6719999999999999, "failed": {"total": 58, "0-player": 4, "2+players": 13, "region": 14, "crate-target": 36}}