{"trials": 56, "success-rate": 0.17857142857142852, "avg-sol-length": 10.600000000000001, "avg-crates": 1.7, "avg-free-percent": 0.6560000000000001, "failed": {"total": 46, "0-player": 5, "2+players": 2, "region": 6, "crate-target": 20}}