{"trials": 363, "success-rate": 0.02754820936639119, "avg-sol-length": 11.2, "avg-crates": 1.7999999999999996, "avg-free-percent": 0.624, "failed": {"total": 353, "0-player": 86, "2+players": 84, "region": 159, "crate-target": 193}}