{"trials": 604, "success-rate": 0.16556291390728478, "avg-sol-length": 10.019801980198022, "avg-crates": 1.099009900990099, "avg-free-percent": 0.31076985249545375, "failed": {"total": 504, "0-player": 2, "2+players": 29, "region": 108, "crate-target": 169}}