{"trials": 346, "success-rate": 0.2890173410404623, "avg-sol-length": 26.389999999999993, "avg-crates": 1.6400000000000003, "avg-free-percent": 0.70078125, "failed": {"total": 246, "0-player": 2, "2+players": 19, "region": 14, "crate-target": 110}}